Week,Start date,Avg morning weight,Change vs last week,Avg daily steps,Sessions completed,Sessions planned,Squat top set,Bench top set,Row top set,Deadlift top set,Sleep (h avg),Notes
1,,,,,,3,,,,,,Baseline week. Do not change anything yet.
2,,,,,,3,,,,,,
3,,,,,,3,,,,,,
4,,,,,,3,,,,,,REVIEW: compare wk1 vs wk4 average. Adjust calories by 150-200 if needed.
5,,,,,,3,,,,,,
6,,,,,,3,,,,,,
7,,,,,,3,,,,,,
8,,,,,,3,,,,,,REVIEW: consider a deload week if several lifts have stalled.
9,,,,,,3,,,,,,
10,,,,,,3,,,,,,
11,,,,,,3,,,,,,
12,,,,,,3,,,,,,REVIEW: change the plan or run another block.
